<LibraryDocument xmlns:xsi="http://www.w3.org/2001/XMLSchema-instance" xmlns:xsd="http://www.w3.org/2001/XMLSchema"><Properties><Property Name="HasTemporaryContent" Value="True" /></Properties><Contents><Content UniqueId="39475533-d688-43de-8274-57913f9de721" Hash="" Description="Content_2ea803fa-dbc9-4005-afa1-59beb695e55f" RelativePath="Content_2ea803fa-dbc9-4005-afa1-59beb695e55f" FullPath=".\\bw_splunk_uf_sccm_deployment_package_files\Content_2ea803fa-dbc9-4005-afa1-59beb695e55f\" SingleFile="false" StorageType="FileSystem" FullOwnership="true" OriginalPath="\\172.20.20.100\sccm_share\Application\Splunk_Universal_Forwarder Upgrade\" OriginalStorage="FileSystem" /></Contents><EntryObjects><Object Path="SMS_Application.ModelName='ScopeId_9E6C45A4-892B-4207-80C6-E2060877CB88/Application_bc280625-597f-4169-875b-328b04ff435b',CIVersion=2" Type="SMS_Application" /></EntryObjects></LibraryDocument>